SRR_ID	project_id	processing_status	condition
SRR26067911	PRJNA1014106	processed	ataxia_pbmc
SRR26067912	PRJNA1014106	processed	ataxia_pbmc
SRR26067913	PRJNA1014106	download_incomplete	
SRR26067914	PRJNA1014106	download_incomplete	
SRR26067915	PRJNA1014106	download_incomplete	
SRR26067916	PRJNA1014106	processed	
SRR26067917	PRJNA1014106	excluded_quality	
SRR26067918	PRJNA1014106	excluded_quality	
SRR26067919	PRJNA1014106	processed	ataxia_pbmc
SRR26067920	PRJNA1014106	processed	ataxia_pbmc
SRR26067921	PRJNA1014106	excluded_quality	
SRR26067922	PRJNA1014106	excluded_quality	
SRR26033653	PRJNA1014965	processed	tumor
SRR26033654	PRJNA1014965	processed	tumor
SRR26033655	PRJNA1014965	processed	tumor
SRR26033656	PRJNA1014965	processed	tumor
SRR26033657	PRJNA1014965	processed	tumor
SRR26033658	PRJNA1014965	processed	tumor
SRR26033659	PRJNA1014965	processed	normal
SRR26033660	PRJNA1014965	processed	normal
SRR26033661	PRJNA1014965	processed	normal
SRR26033662	PRJNA1014965	processed	normal
SRR26033663	PRJNA1014965	processed	normal
SRR26033664	PRJNA1014965	processed	normal
SRR26033665	PRJNA1014965	processed	normal
SRR26033666	PRJNA1014965	processed	normal
SRR26033667	PRJNA1014965	processed	normal
SRR26033668	PRJNA1014965	processed	normal
SRR26033669	PRJNA1014965	processed	tumor
SRR26033670	PRJNA1014965	processed	normal
SRR26033671	PRJNA1014965	processed	normal
SRR26033672	PRJNA1014965	processed	normal
SRR26033673	PRJNA1014965	processed	normal
SRR26033674	PRJNA1014965	processed	normal
SRR26033675	PRJNA1014965	processed	normal
SRR26033676	PRJNA1014965	processed	normal
SRR26033677	PRJNA1014965	processed	normal
SRR26033678	PRJNA1014965	processed	normal
SRR26033679	PRJNA1014965	processed	normal
SRR26033680	PRJNA1014965	processed	tumor
SRR26033681	PRJNA1014965	processed	tumor
SRR26033682	PRJNA1014965	excluded_quality	
SRR26033683	PRJNA1014965	processed	tumor
SRR26033684	PRJNA1014965	excluded_quality	
SRR26033685	PRJNA1014965	processed	tumor
SRR26033686	PRJNA1014965	excluded_quality	
SRR26033687	PRJNA1014965	processed	tumor
SRR26033688	PRJNA1014965	processed	tumor
SRR26033689	PRJNA1014965	processed	tumor
SRR26033690	PRJNA1014965	processed	tumor
SRR26033691	PRJNA1014965	processed	tumor
SRR26033692	PRJNA1014965	processed	tumor
SRR28819928	PRJNA1105191	processed	dms53
SRR28819929	PRJNA1105191	processed	ipsc_c7
SRR28819930	PRJNA1105191	processed	ipsc_c7
SRR28819931	PRJNA1105191	processed	ipsc_c7
SRR28819932	PRJNA1105191	processed	ipsc_c6
SRR28819933	PRJNA1105191	processed	ipsc_c6
SRR28819934	PRJNA1105191	processed	h841_sinfic
SRR28819935	PRJNA1105191	processed	h841_sinfic
SRR28819936	PRJNA1105191	processed	h841_sinfic
SRR28819937	PRJNA1105191	processed	ipsc_c6
SRR28819938	PRJNA1105191	processed	h841_sictrl
SRR28819939	PRJNA1105191	processed	h841_sictrl
SRR28819940	PRJNA1105191	processed	h841_sictrl
SRR28819941	PRJNA1105191	processed	dms53_sinfic
SRR28819942	PRJNA1105191	processed	dms53_sinfic
SRR28819943	PRJNA1105191	processed	dms53_sinfic
SRR28819944	PRJNA1105191	processed	dms53_sictrl
SRR28819945	PRJNA1105191	processed	dms53_sictrl
SRR28819946	PRJNA1105191	processed	dms53_sictrl
SRR28819947	PRJNA1105191	processed	h1417
SRR28819948	PRJNA1105191	processed	saec
SRR28819949	PRJNA1105191	processed	h1417
SRR28819950	PRJNA1105191	processed	h1417
SRR28819951	PRJNA1105191	processed	h69
SRR28819952	PRJNA1105191	processed	h69
SRR28819953	PRJNA1105191	processed	h69
SRR28819954	PRJNA1105191	processed	h841
SRR28819955	PRJNA1105191	processed	h841
SRR28819956	PRJNA1105191	processed	h841
SRR28819957	PRJNA1105191	processed	dms53
SRR28819958	PRJNA1105191	processed	dms53
SRR28819959	PRJNA1105191	processed	saec
SRR28819960	PRJNA1105191	processed	saec
SRR28920161	PRJNA1108066	processed	
SRR28920162	PRJNA1108066	processed	
SRR28920163	PRJNA1108066	processed	
SRR28920164	PRJNA1108066	processed	
SRR28920165	PRJNA1108066	processed	
SRR28920166	PRJNA1108066	processed	
SRR28920167	PRJNA1108066	processed	
SRR28920168	PRJNA1108066	processed	
SRR28920169	PRJNA1108066	processed	
SRR28920170	PRJNA1108066	processed	
SRR28920171	PRJNA1108066	processed	
SRR28920172	PRJNA1108066	processed	
SRR29300906	PRJNA1120369	processed	mega_01
SRR29300907	PRJNA1120369	processed	mega_01
SRR29300908	PRJNA1120369	processed	mega_01
SRR29300909	PRJNA1120369	processed	mega_01
SRR29300910	PRJNA1120369	processed	mega_01
SRR29300911	PRJNA1120369	processed	mega_01
SRR29300912	PRJNA1120369	download_incomplete	
SRR29300913	PRJNA1120369	processed	mega_01
SRR29300914	PRJNA1120369	processed	mega_01
SRR29300915	PRJNA1120369	processed	mega_01
SRR29300916	PRJNA1120369	processed	mega_01
SRR29300917	PRJNA1120369	processed	mega_01
SRR29300918	PRJNA1120369	processed	mega_01
SRR29300919	PRJNA1120369	processed	mega_01
SRR29300920	PRJNA1120369	processed	mega_01
SRR29300921	PRJNA1120369	download_incomplete	
SRR29302579	PRJNA1120369	processed	mega_02
SRR29302580	PRJNA1120369	processed	mega_02
SRR29302581	PRJNA1120369	processed	mega_02
SRR29302582	PRJNA1120369	processed	mega_02
SRR29302583	PRJNA1120369	processed	mega_02
SRR29302584	PRJNA1120369	processed	mega_02
SRR29302585	PRJNA1120369	processed	mega_02
SRR29302586	PRJNA1120369	processed	mega_02
SRR29302587	PRJNA1120369	processed	mega_02
SRR29302588	PRJNA1120369	processed	mega_02
SRR29302589	PRJNA1120369	processed	mega_02
SRR29302590	PRJNA1120369	processed	mega_02
SRR29302591	PRJNA1120369	processed	mega_02
SRR29302592	PRJNA1120369	processed	mega_02
SRR29302593	PRJNA1120369	processed	mega_02
SRR29302594	PRJNA1120369	processed	mega_02
SRR29302607	PRJNA1120369	processed	wt
SRR29302608	PRJNA1120369	processed	wt
SRR29302609	PRJNA1120369	processed	wt
SRR29302610	PRJNA1120369	processed	wt
SRR29302611	PRJNA1120369	processed	wt
SRR29302612	PRJNA1120369	processed	wt
SRR29302613	PRJNA1120369	processed	wt
SRR29302614	PRJNA1120369	processed	wt
SRR29590991	PRJNA1127555	processed	tumor
SRR29590992	PRJNA1127555	processed	tumor
SRR29590993	PRJNA1127555	processed	engager
SRR29590994	PRJNA1127555	processed	engager
SRR29590995	PRJNA1127555	processed	engager
SRR29590996	PRJNA1127555	processed	engager
SRR29590997	PRJNA1127555	processed	naive
SRR29590998	PRJNA1127555	processed	naive
SRR29590999	PRJNA1127555	processed	tumor
SRR29591000	PRJNA1127555	processed	tumor
SRR29591001	PRJNA1127555	processed	naive
SRR29591002	PRJNA1127555	processed	naive
SRR29916062	PRJNA1133701	processed	tp53ko_d_e
SRR29916063	PRJNA1133701	processed	tp53ko_etoposide
SRR29916064	PRJNA1133701	processed	tp53ko_etoposide
SRR29916065	PRJNA1133701	processed	tp53ko_etoposide
SRR29916066	PRJNA1133701	processed	tp53ko_decitabine
SRR29916067	PRJNA1133701	processed	tp53ko_decitabine
SRR29916068	PRJNA1133701	processed	tp53rescue_d_e
SRR29916069	PRJNA1133701	processed	tp53rescue_d_e
SRR29916070	PRJNA1133701	processed	tp53rescue_d_e
SRR29916071	PRJNA1133701	processed	tp53rescue_etoposide
SRR29916072	PRJNA1133701	processed	tp53rescue_etoposide
SRR29916073	PRJNA1133701	processed	tp53rescue_etoposide
SRR29916074	PRJNA1133701	processed	tp53ko_decitabine
SRR29916075	PRJNA1133701	processed	tp53rescue_decitabine
SRR29916076	PRJNA1133701	processed	tp53rescue_decitabine
SRR29916077	PRJNA1133701	processed	tp53rescue_decitabine
SRR29916078	PRJNA1133701	processed	tp53rescue_control
SRR29916079	PRJNA1133701	processed	tp53rescue_control
SRR29916080	PRJNA1133701	processed	tp53rescue_control
SRR29916081	PRJNA1133701	processed	tp53wt_d_e
SRR29916082	PRJNA1133701	processed	tp53wt_d_e
SRR29916083	PRJNA1133701	processed	tp53wt_d_e
SRR29916084	PRJNA1133701	processed	tp53wt_etoposide
SRR29916085	PRJNA1133701	processed	tp53ko_control
SRR29916086	PRJNA1133701	processed	tp53wt_etoposide
SRR29916087	PRJNA1133701	processed	tp53wt_etoposide
SRR29916088	PRJNA1133701	processed	tp53wt_decitabine
SRR29916089	PRJNA1133701	processed	tp53wt_decitabine
SRR29916090	PRJNA1133701	processed	tp53wt_decitabine
SRR29916091	PRJNA1133701	processed	tp53wt_control
SRR29916092	PRJNA1133701	processed	tp53wt_control
SRR29916093	PRJNA1133701	processed	tp53wt_control
SRR29916094	PRJNA1133701	processed	tp53ko_d_e
SRR29916095	PRJNA1133701	processed	tp53ko_d_e
SRR29916096	PRJNA1133701	processed	tp53ko_control
SRR29916097	PRJNA1133701	processed	tp53ko_control
SRR30840168	PRJNA1165739	processed	thp1_tib202
SRR30840169	PRJNA1165739	processed	thp1_tib202
SRR30840170	PRJNA1165739	processed	thp1_tib202
SRR30840171	PRJNA1165739	processed	thp1_tib202
SRR30840172	PRJNA1165739	processed	thp1_tib202
SRR30840173	PRJNA1165739	processed	thp1_tib202
SRR30840174	PRJNA1165739	processed	kasumi1_crl2724
SRR30840175	PRJNA1165739	processed	kasumi1_crl2724
SRR30840176	PRJNA1165739	processed	kasumi1_crl2724
SRR30840177	PRJNA1165739	processed	kasumi1_crl2724
SRR30840178	PRJNA1165739	processed	kasumi1_crl2724
SRR30840179	PRJNA1165739	processed	kasumi1_crl2724
SRR30840180	PRJNA1165739	processed	kasumi1_crl2724
SRR30840181	PRJNA1165739	processed	kasumi1_crl2724
SRR30840182	PRJNA1165739	processed	kasumi1_crl2724
SRR30840183	PRJNA1165739	processed	kasumi1_crl2724
SRR30840184	PRJNA1165739	processed	thp1_tib202
SRR30840185	PRJNA1165739	processed	k562_ccl243
SRR30840186	PRJNA1165739	processed	k562_ccl243
SRR30840187	PRJNA1165739	processed	k562_ccl243
SRR30840188	PRJNA1165739	processed	k562_ccl243
SRR30840189	PRJNA1165739	processed	k562_ccl243
SRR30840190	PRJNA1165739	processed	k562_ccl243
SRR30840191	PRJNA1165739	processed	k562_ccl243
SRR30840192	PRJNA1165739	processed	k562_ccl243
SRR30840193	PRJNA1165739	processed	k562_ccl243
SRR30840194	PRJNA1165739	processed	k562_ccl243
SRR30840195	PRJNA1165739	processed	thp1_tib202
SRR30840196	PRJNA1165739	processed	hl60_ccl240
SRR30840197	PRJNA1165739	processed	hl60_ccl240
SRR30840198	PRJNA1165739	processed	hl60_ccl240
SRR30840199	PRJNA1165739	processed	hl60_ccl240
SRR30840200	PRJNA1165739	processed	hl60_ccl240
SRR30840201	PRJNA1165739	processed	hl60_ccl240
SRR30840202	PRJNA1165739	processed	hl60_ccl240
SRR30840203	PRJNA1165739	processed	hl60_ccl240
SRR30840204	PRJNA1165739	processed	hl60_ccl240
SRR30840205	PRJNA1165739	processed	hl60_ccl240
SRR30840206	PRJNA1165739	processed	thp1_tib202
SRR30840207	PRJNA1165739	processed	thp1_tib202
SRR30882851	PRJNA1165993	excluded_quality	
SRR30882852	PRJNA1165993	excluded_quality	
SRR30882853	PRJNA1165993	excluded_quality	
SRR30882854	PRJNA1165993	excluded_quality	
SRR30882855	PRJNA1165993	excluded_quality	
SRR30882856	PRJNA1165993	excluded_quality	
SRR30882857	PRJNA1165993	excluded_quality	
SRR30882858	PRJNA1165993	excluded_quality	
SRR30882859	PRJNA1165993	excluded_quality	
SRR30882860	PRJNA1165993	excluded_quality	
SRR30882861	PRJNA1165993	excluded_quality	
SRR35981472	PRJNA1171814	download_incomplete	
SRR35981473	PRJNA1171814	excluded_quality	
SRR35981474	PRJNA1171814	excluded_quality	
SRR35981475	PRJNA1171814	excluded_quality	
SRR35981476	PRJNA1171814	download_incomplete	
SRR35981477	PRJNA1171814	excluded_quality	
SRR35981478	PRJNA1171814	excluded_quality	
SRR35981479	PRJNA1171814	excluded_quality	
SRR35981480	PRJNA1171814	excluded_quality	
SRR35981481	PRJNA1171814	excluded_quality	
SRR35981482	PRJNA1171814	download_incomplete	
SRR31149351	PRJNA1175639	processed	white_preadipocyte_d0
SRR31149352	PRJNA1175639	processed	white_preadipocyte_d0
SRR31149353	PRJNA1175639	processed	brown_differentiated
SRR31149354	PRJNA1175639	processed	brown_differentiated
SRR31149355	PRJNA1175639	processed	brown_differentiated
SRR31149356	PRJNA1175639	processed	brown_differentiated
SRR31149357	PRJNA1175639	processed	brown_preadipocyte_d0
SRR31149358	PRJNA1175639	processed	brown_preadipocyte_d0
SRR31149359	PRJNA1175639	processed	white_differentiated
SRR31149360	PRJNA1175639	processed	white_differentiated
SRR31149361	PRJNA1175639	processed	white_differentiated
SRR31149362	PRJNA1175639	processed	white_differentiated
SRR31149363	PRJNA1175639	processed	white_preadipocyte_d0
SRR31149364	PRJNA1175639	processed	white_preadipocyte_d0
SRR31149365	PRJNA1175639	processed	brown_preadipocyte_d0
SRR31149366	PRJNA1175639	processed	brown_preadipocyte_d0
SRR35798662	PRJNA1176539	processed	raji_ramos_ratio_0p001
SRR35798663	PRJNA1176539	download_incomplete	
SRR35798664	PRJNA1176539	processed	raji_ramos_ratio_0p1
SRR35798665	PRJNA1176539	processed	cell_culture_medium
SRR35798666	PRJNA1176539	processed	raji_ramos_ratio_0p00001
SRR35798667	PRJNA1176539	processed	water
SRR35798668	PRJNA1176539	processed	raji_ramos_ratio_0p0001
SRR35798669	PRJNA1176539	download_failed	
SRR35798670	PRJNA1176539	processed	raji_ramos_ratio_0p001
SRR35798671	PRJNA1176539	processed	raji_ramos_ratio_0p01
SRR35798672	PRJNA1176539	processed	raji_ramos_ratio_0p1
SRR35798673	PRJNA1176539	processed	raji_ramos_ratio_0p5
SRR35798674	PRJNA1176539	processed	raji_cells
SRR35798675	PRJNA1176539	processed	raji_ramos_ratio_0p5
SRR35798676	PRJNA1176539	excluded_quality	
SRR35798677	PRJNA1176539	excluded_quality	
SRR35798678	PRJNA1176539	processed	raji_ramos_ratio_0p001
SRR35798679	PRJNA1176539	processed	ramos_cells
SRR35798680	PRJNA1176539	processed	raji_ramos_ratio_0p001
SRR35798681	PRJNA1176539	processed	ntc_pbs
SRR35798682	PRJNA1176539	processed	mrc5_cells
SRR35798683	PRJNA1176539	processed	raji_ramos_ratio_0p001
SRR35798684	PRJNA1176539	processed	raji_ramos_ratio_0p01
SRR35798685	PRJNA1176539	processed	raji_ramos_ratio_0p1
SRR35798686	PRJNA1176539	processed	raji_ramos_ratio_0p5
SRR35798687	PRJNA1176539	excluded_quality	raji_cells
SRR35798688	PRJNA1176539	excluded_quality	ramos_cells
SRR35798689	PRJNA1176539	processed	raji_ramos_ratio_0p001
SRR35798690	PRJNA1176539	processed	raji_ramos_ratio_0p01
SRR35798691	PRJNA1176539	processed	raji_ramos_ratio_0p01
SRR35798692	PRJNA1176539	processed	raji_ramos_ratio_0p1
SRR35798693	PRJNA1176539	processed	raji_ramos_ratio_0p5
SRR35798694	PRJNA1176539	excluded_quality	
SRR35798695	PRJNA1176539	excluded_quality	raji_ramos_ratio_0p0001
SRR35798696	PRJNA1176539	excluded_quality	raji_ramos_ratio_0p001
SRR35798697	PRJNA1176539	excluded_quality	raji_ramos_ratio_0p01
SRR35798698	PRJNA1176539	excluded_quality	raji_ramos_ratio_0p1
SRR35798699	PRJNA1176539	processed	ramos_cells
SRR35798700	PRJNA1176539	processed	raji_ramos_ratio_0p00005
SRR35798701	PRJNA1176539	processed	raji_ramos_ratio_0p0001
SRR35798702	PRJNA1176539	processed	raji_ramos_ratio_0p1
SRR35798703	PRJNA1176539	processed	raji_ramos_ratio_0p5
SRR31317637	PRJNA1185243	processed	
SRR31317638	PRJNA1185243	processed	
SRR31317639	PRJNA1185243	processed	
SRR31317640	PRJNA1185243	processed	
SRR31317641	PRJNA1185243	processed	
SRR31317642	PRJNA1185243	processed	
SRR31317643	PRJNA1185243	processed	
SRR31317644	PRJNA1185243	processed	
SRR31317645	PRJNA1185243	processed	
SRR31317646	PRJNA1185243	processed	
SRR31317674	PRJNA1185243	processed	
SRR31317675	PRJNA1185243	processed	
SRR31317676	PRJNA1185243	processed	
SRR31317677	PRJNA1185243	processed	
SRR31317678	PRJNA1185243	processed	
SRR31317679	PRJNA1185243	processed	
SRR31317680	PRJNA1185243	processed	
SRR31317681	PRJNA1185243	processed	
SRR31317682	PRJNA1185243	processed	
SRR31317683	PRJNA1185243	processed	
SRR31317684	PRJNA1185243	processed	
SRR31317685	PRJNA1185243	processed	
SRR31317686	PRJNA1185243	processed	
SRR31317687	PRJNA1185243	processed	
SRR31317688	PRJNA1185243	processed	
SRR31317689	PRJNA1185243	excluded_quality	
SRR31317690	PRJNA1185243	processed	
SRR31317691	PRJNA1185243	processed	
SRR31317692	PRJNA1185243	processed	
SRR31317693	PRJNA1185243	processed	
SRR31317694	PRJNA1185243	processed	
SRR31317695	PRJNA1185243	processed	
SRR31320507	PRJNA1185243	processed	wu382_70_d57_lymph_node
SRR31320508	PRJNA1185243	processed	wu382_70_d57_lymph_node
SRR31320509	PRJNA1185243	processed	wu382_69_d57_lymph_node
SRR31320510	PRJNA1185243	processed	wu382_69_d57_lymph_node
SRR31320511	PRJNA1185243	processed	wu382_67_d57_lymph_node
SRR31320512	PRJNA1185243	processed	wu382_67_d57_lymph_node
SRR31320513	PRJNA1185243	processed	wu382_65_d57_lymph_node
SRR31320514	PRJNA1185243	download_incomplete	
SRR31320515	PRJNA1185243	processed	wu382_71_d57_lymph_node
SRR31320516	PRJNA1185243	download_incomplete	
SRR31547552	PRJNA1191970	processed	
SRR31547553	PRJNA1191970	processed	
SRR31547554	PRJNA1191970	processed	
SRR31547555	PRJNA1191970	processed	
SRR31547556	PRJNA1191970	processed	
SRR31547557	PRJNA1191970	processed	
SRR31547558	PRJNA1191970	processed	
SRR31547559	PRJNA1191970	processed	
SRR31547560	PRJNA1191970	processed	
SRR31547561	PRJNA1191970	processed	
SRR31547562	PRJNA1191970	processed	
SRR31547563	PRJNA1191970	processed	
SRR3278937	PRJNA316201	processed	t47d_breast_cancer_cell_line
SRR3278984	PRJNA316201	processed	t47d_breast_cancer_cell_line
SRR3278985	PRJNA316201	processed	t47d_breast_cancer_cell_line
SRR3278992	PRJNA316201	processed	t47d_breast_cancer_cell_line
SRR3278995	PRJNA316201	processed	
SRR3278996	PRJNA316201	processed	
SRR3278998	PRJNA316201	processed	
SRR3278999	PRJNA316201	processed	
SRR3279002	PRJNA316201	processed	
SRR3279335	PRJNA316201	processed	
SRR3279336	PRJNA316201	processed	
SRR3279337	PRJNA316201	processed	
SRR3279406	PRJNA316201	processed	
SRR3279408	PRJNA316201	processed	
SRR3279409	PRJNA316201	processed	
SRR3279410	PRJNA316201	processed	
SRR3279413	PRJNA316201	processed	
SRR3279414	PRJNA316201	processed	
SRR3284761	PRJNA316201	processed	
SRR3284767	PRJNA316201	processed	
SRR3284781	PRJNA316201	processed	
SRR3284806	PRJNA316201	processed	
SRR4293006	PRJNA316201	processed	t47d_breast_cancer_cell_line
SRR4293010	PRJNA316201	processed	t47d_breast_cancer_cell_line
SRR4293016	PRJNA316201	processed	t47d_breast_cancer_cell_line
SRR4293022	PRJNA316201	processed	t47d_breast_cancer_cell_line
SRR15408694	PRJNA321028	processed	stage_ii_endometrial_cancer
SRR15408695	PRJNA321028	processed	stage_ii_endometrial_cancer
SRR15408696	PRJNA321028	processed	stage_ii_endometrial_cancer
SRR15408697	PRJNA321028	processed	stage_ii_endometrial_cancer
SRR15408698	PRJNA321028	processed	stage_ii_endometrial_cancer
SRR15408699	PRJNA321028	processed	stage_ii_endometrial_cancer
SRR15408700	PRJNA321028	processed	stage_i_endometrial_cancer
SRR15408701	PRJNA321028	processed	stage_i_endometrial_cancer
SRR15408702	PRJNA321028	processed	stage_iii_endometrial_cancer
SRR15408703	PRJNA321028	processed	stage_iii_endometrial_cancer
SRR15408704	PRJNA321028	processed	stage_iii_endometrial_cancer
SRR15408705	PRJNA321028	processed	stage_ii_endometrial_cancer
SRR15408706	PRJNA321028	processed	stage_ii_endometrial_cancer
SRR15408707	PRJNA321028	processed	stage_ii_endometrial_cancer
SRR15408708	PRJNA321028	processed	stage_i_endometrial_cancer
SRR15408709	PRJNA321028	processed	stage_i_endometrial_cancer
SRR3531970	PRJNA321087	processed	cancer
SRR3532215	PRJNA321087	processed	cancer
SRR3532572	PRJNA321087	excluded_quality	
SRR3532666	PRJNA321087	processed	gland
SRR3532761	PRJNA321087	processed	epithelium
SRR3645935	PRJNA321087	processed	gland
SRR3646689	PRJNA321087	processed	cancer
SRR3646703	PRJNA321087	processed	epithelium
SRR3646704	PRJNA321087	excluded_quality	
SRR3646710	PRJNA321087	processed	cancer
SRR3646711	PRJNA321087	processed	cancer
SRR3646712	PRJNA321087	processed	epithelium
SRR3646714	PRJNA321087	processed	muscle
SRR3646715	PRJNA321087	processed	muscle
SRR3646810	PRJNA321087	processed	cancer
SRR3646816	PRJNA321087	processed	cancer
SRR3646818	PRJNA321087	processed	cancer
SRR3646819	PRJNA321087	processed	muscle
SRR3646836	PRJNA321087	processed	epithelium
SRR3646837	PRJNA321087	processed	epithelium
SRR3646851	PRJNA321087	processed	muscle
SRR3646853	PRJNA321087	processed	
SRR3646873	PRJNA321087	processed	
SRR3646875	PRJNA321087	processed	
SRR3646880	PRJNA321087	processed	
SRR3646882	PRJNA321087	processed	
SRR3646917	PRJNA321087	excluded_quality	
SRR3646922	PRJNA321087	processed	
SRR3646923	PRJNA321087	processed	
SRR3646924	PRJNA321087	processed	
SRR3646926	PRJNA321087	processed	
SRR3646927	PRJNA321087	excluded_quality	
SRR3646928	PRJNA321087	processed	
SRR3646929	PRJNA321087	processed	
SRR3646932	PRJNA321087	processed	
SRR3646963	PRJNA321087	processed	
SRR3647032	PRJNA321087	processed	
SRR3647038	PRJNA321087	processed	
SRR3647039	PRJNA321087	processed	
SRR3647041	PRJNA321087	processed	
SRR3647042	PRJNA321087	processed	
SRR3647045	PRJNA321087	processed	
SRR3538834	PRJNA321967	processed	sertoli_cells
SRR3538932	PRJNA321967	processed	sertoli_cells
SRR3538933	PRJNA321967	processed	sertoli_cells
SRR3543511	PRJNA321967	processed	primary_spermatocytes
SRR3543512	PRJNA321967	processed	primary_spermatocytes
SRR3543513	PRJNA321967	processed	primary_spermatocytes
SRR3543514	PRJNA321967	processed	spermatids
SRR3543515	PRJNA321967	processed	spermatids
SRR3543516	PRJNA321967	processed	spermatids
SRR3543517	PRJNA321967	processed	undifferentiated_spermatogonia
SRR3543518	PRJNA321967	processed	undifferentiated_spermatogonia
SRR3543519	PRJNA321967	processed	undifferentiated_spermatogonia
SRR5020810	PRJNA352875	processed	rho0_tnf
SRR5020811	PRJNA352875	processed	rho0_tnf
SRR5020812	PRJNA352875	processed	tnf_treated_control
SRR5020813	PRJNA352875	processed	rho0
SRR5020814	PRJNA352875	processed	control
SRR5020815	PRJNA352875	processed	rho0
SRR5020816	PRJNA352875	processed	control
SRR5020817	PRJNA352875	processed	control
SRR5020818	PRJNA352875	processed	tnf_treated_control
SRR5020819	PRJNA352875	processed	tnf_treated_control
SRR5020820	PRJNA352875	processed	rho0
SRR5020821	PRJNA352875	processed	rho0_tnf
SRR5247101	PRJNA373978	processed	pachytene_spermatocytes
SRR5247102	PRJNA373978	processed	pachytene_spermatocytes
SRR5247103	PRJNA373978	processed	pachytene_spermatocytes
SRR5247104	PRJNA373978	processed	pachytene_spermatocytes
SRR5247105	PRJNA373978	processed	pachytene_spermatocytes
SRR5247106	PRJNA373978	processed	pachytene_spermatocytes
SRR5247107	PRJNA373978	processed	pachytene_spermatocytes
SRR5247108	PRJNA373978	processed	pachytene_spermatocytes
SRR5247109	PRJNA373978	processed	pachytene_spermatocytes
SRR5247110	PRJNA373978	processed	pachytene_spermatocytes
SRR5258800	PRJNA373978	processed	leptotene_zygotene_spermatocytes
SRR5258801	PRJNA373978	processed	leptotene_zygotene_spermatocytes
SRR5258802	PRJNA373978	processed	leptotene_zygotene_spermatocytes
SRR5258803	PRJNA373978	processed	leptotene_zygotene_spermatocytes
SRR5258804	PRJNA373978	processed	leptotene_zygotene_spermatocytes
SRR5365958	PRJNA378952	processed	
SRR5365959	PRJNA378952	processed	
SRR5365960	PRJNA378952	processed	
SRR5365961	PRJNA378952	processed	
SRR5365962	PRJNA378952	processed	
SRR5365963	PRJNA378952	processed	
SRR5365964	PRJNA378952	processed	
SRR5365965	PRJNA378952	processed	
SRR5365966	PRJNA378952	processed	lsc
SRR5365967	PRJNA378952	processed	wdlps
SRR5365968	PRJNA378952	processed	wdlps
SRR5365969	PRJNA378952	processed	wdlps
SRR5921520	PRJNA378952	processed	
SRR5928620	PRJNA378952	download_incomplete	
SRR5397314	PRJNA381115	processed	bel_7402
SRR5397315	PRJNA381115	processed	csqt_1
SRR5397316	PRJNA381115	processed	csqt_2
SRR5397317	PRJNA381115	processed	hcclm1_s11
SRR5397318	PRJNA381115	processed	hcclm1_s3
SRR5397319	PRJNA381115	processed	hcclm1_s4
SRR5397320	PRJNA381115	processed	hcclm1_s5
SRR5397321	PRJNA381115	processed	hcclm3
SRR5397322	PRJNA381115	processed	hcclnm1_s11
SRR5397323	PRJNA381115	processed	hcclnm1_s13
SRR5397324	PRJNA381115	processed	hep3b
SRR5397325	PRJNA381115	processed	hepg2
SRR5397326	PRJNA381115	processed	huh7
SRR5397327	PRJNA381115	processed	mhcc_97h
SRR5397328	PRJNA381115	processed	mhcc_97l
SRR5397329	PRJNA381115	processed	plc_5
SRR5397330	PRJNA381115	processed	smmc_7721
SRR5397331	PRJNA381115	processed	snu_398
SRR5420974	PRJNA381757	processed	primed_pluripotent_stem_cells
SRR5420975	PRJNA381757	processed	naive_induced_pluripotent_stem_cells
SRR5420976	PRJNA381757	processed	naive_induced_pluripotent_stem_cells
SRR5420977	PRJNA381757	processed	naive_induced_pluripotent_stem_cells
SRR5420978	PRJNA381757	processed	naive_induced_pluripotent_stem_cells
SRR5420979	PRJNA381757	processed	naive_induced_pluripotent_stem_cells
SRR5420980	PRJNA381757	processed	fibroblast
SRR6518342	PRJNA381757	processed	naive_induced_pluripotent_stem_cells
SRR6518343	PRJNA381757	processed	naive_induced_pluripotent_stem_cells
SRR6518344	PRJNA381757	processed	naive_induced_pluripotent_stem_cells
SRR6518345	PRJNA381757	processed	naive_induced_pluripotent_stem_cells
SRR6518346	PRJNA381757	processed	fibroblast
SRR6518347	PRJNA381757	processed	fibroblast
SRR6696860	PRJNA381757	processed	
SRR6696861	PRJNA381757	processed	
SRR6696862	PRJNA381757	processed	
SRR6696863	PRJNA381757	processed	
SRR6696864	PRJNA381757	processed	
SRR6696865	PRJNA381757	processed	
SRR6696866	PRJNA381757	processed	
SRR6696867	PRJNA381757	processed	
SRR6696868	PRJNA381757	processed	
SRR6696869	PRJNA381757	processed	
SRR5499411	PRJNA384289	processed	primary_colorectal_tumour
SRR5499412	PRJNA384289	processed	circulating_tumour_cells
SRR5499413	PRJNA384289	processed	circulating_tumour_cells
SRR5499414	PRJNA384289	processed	circulating_tumour_cells
SRR5499415	PRJNA384289	processed	primary_colorectal_tumour
SRR5499416	PRJNA384289	processed	primary_colorectal_tumour
SRR5499417	PRJNA384289	processed	circulating_tumour_cells
SRR5499418	PRJNA384289	processed	circulating_tumour_cells
SRR5499419	PRJNA384289	processed	circulating_tumour_cells
SRR5499420	PRJNA384289	processed	primary_colorectal_tumour
SRR5499421	PRJNA384289	processed	primary_colorectal_tumour
SRR5499422	PRJNA384289	processed	circulating_tumour_cells
SRR5499423	PRJNA384289	processed	circulating_tumour_cells
SRR5499424	PRJNA384289	processed	circulating_tumour_cells
SRR5626172	PRJNA386992	processed	aml_case
SRR5626173	PRJNA386992	processed	aml_case
SRR5626174	PRJNA386992	processed	aml_case
SRR5626175	PRJNA386992	processed	aml_case
SRR5626176	PRJNA386992	processed	aml_case
SRR5626177	PRJNA386992	processed	remission
SRR5626178	PRJNA386992	processed	remission
SRR5626179	PRJNA386992	processed	aml_case
SRR5626180	PRJNA386992	processed	aml_case
SRR5626181	PRJNA386992	processed	aml_case
SRR5626182	PRJNA386992	processed	aml_case
SRR5626183	PRJNA386992	processed	aml_case
SRR5626184	PRJNA386992	processed	aml_case
SRR5626185	PRJNA386992	processed	aml_case
SRR5626186	PRJNA386992	processed	aml_case
SRR5626187	PRJNA386992	processed	aml_case
SRR5626188	PRJNA386992	processed	aml_case
SRR5626189	PRJNA386992	processed	aml_case
SRR5626190	PRJNA386992	excluded_quality	
SRR5626191	PRJNA386992	processed	aml_case
SRR5626192	PRJNA386992	processed	aml_case
SRR5626193	PRJNA386992	processed	aml_case
SRR5663701	PRJNA386992	processed	
SRR5663702	PRJNA386992	processed	
SRR5663703	PRJNA386992	processed	
SRR5663704	PRJNA386992	processed	
SRR5663705	PRJNA386992	processed	
SRR5663706	PRJNA386992	processed	
SRR5663707	PRJNA386992	processed	
SRR5663708	PRJNA386992	processed	
SRR5663709	PRJNA386992	processed	
SRR5663710	PRJNA386992	download_incomplete	
SRR5663711	PRJNA386992	download_incomplete	
SRR5663712	PRJNA386992	processed	
SRR5663713	PRJNA386992	download_failed	
SRR5663714	PRJNA386992	processed	
SRR5663715	PRJNA386992	processed	
SRR5663716	PRJNA386992	processed	
SRR5663717	PRJNA386992	processed	
SRR5663718	PRJNA386992	download_incomplete	
SRR5663719	PRJNA386992	processed	
SRR5663720	PRJNA386992	processed	
SRR5663721	PRJNA386992	processed	
SRR5663722	PRJNA386992	processed	
SRR5663723	PRJNA386992	processed	
SRR5663724	PRJNA386992	processed	
SRR5663725	PRJNA386992	processed	
SRR5927185	PRJNA397941	processed	crset
SRR5989875	PRJNA397941	processed	crset
SRR5989876	PRJNA397941	processed	cnhsm
SRR5989877	PRJNA397941	processed	rt2ilgoy
SRR6001353	PRJNA397941	processed	e8_primed
SRR6001354	PRJNA397941	processed	e8_primed
SRR6001369	PRJNA397941	processed	e8_primed
SRR6001370	PRJNA397941	processed	e8_primed
SRR6007372	PRJNA397941	processed	rt2ilgoy
SRR6007373	PRJNA397941	processed	rt2ilgoy
SRR6007374	PRJNA397941	processed	rt2ilgoy
SRR6024550	PRJNA397941	processed	rrset
SRR6024551	PRJNA397941	processed	rrset
SRR6024552	PRJNA397941	processed	r5ilaf
SRR6026885	PRJNA397941	processed	r5ilaf
SRR6031618	PRJNA397941	processed	rnhsm
SRR6031619	PRJNA397941	processed	rnhsm
SRR6036267	PRJNA397941	processed	rt2ilgoy
SRR6037375	PRJNA397941	processed	rt2ilgoy
SRR6037788	PRJNA397941	processed	r5ilaf
SRR6037791	PRJNA397941	processed	rnhsm
SRR6043764	PRJNA397941	processed	rnhsm
SRR6043950	PRJNA397941	processed	rrset
SRR6043951	PRJNA397941	processed	r5ilaf
SRR6043952	PRJNA397941	processed	rrset
SRR6047486	PRJNA397941	processed	mrna_primed
SRR6047487	PRJNA397941	processed	e8_primed
SRR6047488	PRJNA397941	processed	mrna_rt2ilgoy
SRR6047489	PRJNA397941	processed	mrna_rt2ilgoy
SRR6047491	PRJNA397941	processed	ct2ilgoy_k
SRR6049358	PRJNA397941	processed	ct2ilgoy_oskm
SRR6049360	PRJNA397941	processed	ct2ilgoy_k
SRR6049361	PRJNA397941	processed	ct2ilgoy_oskm
SRR6049469	PRJNA397941	processed	ct2ilgoy_k
SRR6049470	PRJNA397941	processed	ct2ilgoy_oskm
SRR6049472	PRJNA397941	processed	e8_primed_d2_no_klf4
SRR6049555	PRJNA397941	processed	e8_primed_d2_no_klf4
SRR6049631	PRJNA397941	processed	e8_primed_d2_with_klf4
SRR6049639	PRJNA397941	processed	e8_primed_d2_with_klf4
SRR6049641	PRJNA397941	processed	e8_primed_d6_no_klf4
SRR6049642	PRJNA397941	processed	e8_primed_d6_no_klf4
SRR6051721	PRJNA397941	processed	e8_primed_d6_with_klf4
SRR6051726	PRJNA397941	processed	e8_primed_d6_with_klf4
SRR6263334	PRJNA416439	processed	hepatoblastoma
SRR6263335	PRJNA416439	processed	hepatoblastoma
SRR6263336	PRJNA416439	processed	adjacent_normal_liver_tissue
SRR6263337	PRJNA416439	processed	adjacent_normal_liver_tissue
SRR6263338	PRJNA416439	processed	hepatoblastoma
SRR6263339	PRJNA416439	processed	adjacent_normal_liver_tissue
SRR6263340	PRJNA416439	processed	hepatoblastoma
SRR6263341	PRJNA416439	processed	adjacent_normal_liver_tissue
SRR6263342	PRJNA416439	processed	hepatoblastoma
SRR6263343	PRJNA416439	processed	adjacent_normal_liver_tissue
SRR6263344	PRJNA416439	processed	hepatoblastoma
SRR6263345	PRJNA416439	processed	adjacent_normal_liver_tissue
SRR6263346	PRJNA416439	processed	adjacent_normal_liver_tissue
SRR6263347	PRJNA416439	processed	hepatoblastoma
SRR6263348	PRJNA416439	processed	hepatoblastoma
SRR6263349	PRJNA416439	processed	adjacent_normal_liver_tissue
SRR6263350	PRJNA416439	processed	hepatoblastoma
SRR6263351	PRJNA416439	processed	adjacent_normal_liver_tissue
SRR6263352	PRJNA416439	processed	adjacent_normal_liver_tissue
SRR6263353	PRJNA416439	processed	adjacent_normal_liver_tissue
SRR6263354	PRJNA416439	processed	hepatoblastoma
SRR6263355	PRJNA416439	processed	adjacent_normal_liver_tissue
SRR6263356	PRJNA416439	processed	hepatoblastoma
SRR6263357	PRJNA416439	processed	hepatoblastoma
SRR6263358	PRJNA416439	processed	hepatoblastoma
SRR6263359	PRJNA416439	processed	adjacent_normal_liver_tissue
SRR6263360	PRJNA416439	processed	adjacent_normal_liver_tissue
SRR6263361	PRJNA416439	processed	hepatoblastoma
SRR6263362	PRJNA416439	processed	adjacent_normal_liver_tissue
SRR6263363	PRJNA416439	processed	hepatoblastoma
SRR6263364	PRJNA416439	processed	adjacent_normal_liver_tissue
SRR6263365	PRJNA416439	processed	hepatoblastoma
SRR6263366	PRJNA416439	processed	adjacent_normal_liver_tissue
SRR6263367	PRJNA416439	processed	hepatoblastoma
SRR6263368	PRJNA416439	processed	adjacent_normal_liver_tissue
SRR6263369	PRJNA416439	processed	hepatoblastoma
SRR6263370	PRJNA416439	processed	adjacent_normal_liver_tissue
SRR6263371	PRJNA416439	processed	hepatoblastoma
SRR6263372	PRJNA416439	processed	adjacent_normal_liver_tissue
SRR6263373	PRJNA416439	processed	hepatoblastoma
SRR6263374	PRJNA416439	processed	adjacent_normal_liver_tissue
SRR6263375	PRJNA416439	processed	hepatoblastoma
SRR6263376	PRJNA416439	processed	adjacent_normal_liver_tissue
SRR6263377	PRJNA416439	processed	hepatoblastoma
SRR6263378	PRJNA416439	processed	adjacent_normal_liver_tissue
SRR6263379	PRJNA416439	processed	hepatoblastoma
SRR6263380	PRJNA416439	processed	adjacent_normal_liver_tissue
SRR6263381	PRJNA416439	processed	hepatoblastoma
SRR6334416	PRJNA419934	processed	r16_step15
SRR6334417	PRJNA419934	processed	r18_step15
SRR6334418	PRJNA419934	processed	r06_step15
SRR6334419	PRJNA419934	processed	r14_step15
SRR6334420	PRJNA419934	processed	sensitive_s04
SRR6334421	PRJNA419934	processed	sensitive_s03
SRR6334422	PRJNA419934	processed	sensitive_s02
SRR6334423	PRJNA419934	processed	sensitive_s01
SRR6334424	PRJNA419934	processed	
SRR6334425	PRJNA419934	processed	
SRR6334426	PRJNA419934	processed	
SRR6334427	PRJNA419934	processed	
SRR6334428	PRJNA419934	processed	
SRR6334429	PRJNA419934	processed	
SRR6334430	PRJNA419934	processed	
SRR6334431	PRJNA419934	processed	
SRR6334432	PRJNA419934	processed	
SRR6334433	PRJNA419934	processed	
SRR6334434	PRJNA419934	download_incomplete	
SRR6334435	PRJNA419934	processed	
SRR6334436	PRJNA419934	processed	r18_step15
SRR6334437	PRJNA419934	processed	r16_step5
SRR6334438	PRJNA419934	processed	r14_step15
SRR6334439	PRJNA419934	processed	r16_step15
SRR6334440	PRJNA419934	processed	r06_step15
SRR6334441	PRJNA419934	excluded_quality	
SRR6334442	PRJNA419934	processed	sensitive_s03
SRR6334443	PRJNA419934	processed	sensitive_s02
SRR6334444	PRJNA419934	processed	r06_step5
SRR6334445	PRJNA419934	processed	r14_step5
SRR6334446	PRJNA419934	processed	r14_step15a
SRR6334447	PRJNA419934	processed	r14_step10
SRR6334448	PRJNA419934	processed	parental_caov3
SRR6334449	PRJNA419934	excluded_quality	parental_caov3
SRR7058571	PRJNA451395	processed	smc1a_c_a2027g
SRR7058572	PRJNA451395	excluded_quality	smc1a_c_a2027g
SRR7058573	PRJNA451395	excluded_quality	smc1a_c_a2027g
SRR7058574	PRJNA451395	excluded_quality	control
SRR7058575	PRJNA451395	excluded_quality	control
SRR7058576	PRJNA451395	excluded_quality	smc1a_wild_type
SRR7058577	PRJNA451395	excluded_quality	control
SRR7058578	PRJNA451395	excluded_quality	smc1a_wild_type
SRR7058579	PRJNA451395	excluded_quality	smc1a_wild_type
SRR7058580	PRJNA451395	excluded_quality	smc1a_c_a2027g
SRR7058581	PRJNA451395	excluded_quality	
SRR7634069	PRJNA479479	processed	p4_scm
SRR7634070	PRJNA479479	processed	p1_scm
SRR7634071	PRJNA479479	processed	p4_tcp
SRR7634072	PRJNA479479	processed	p1_tcp
SRR7634073	PRJNA479479	processed	p1_scm
SRR7634074	PRJNA479479	processed	p4_tcp
SRR7634075	PRJNA479479	processed	p1_tcp
SRR7634076	PRJNA479479	processed	p4_scm
SRR7634077	PRJNA479479	processed	p4_tcp
SRR7634078	PRJNA479479	processed	p1_tcp
SRR7634079	PRJNA479479	processed	p4_scm
SRR7634080	PRJNA479479	processed	p1_scm
SRR7585367	PRJNA480287	processed	
SRR7585368	PRJNA480287	processed	
SRR7585369	PRJNA480287	processed	
SRR7585370	PRJNA480287	processed	
SRR7585371	PRJNA480287	processed	
SRR7585372	PRJNA480287	processed	not_for_deseq2
SRR7585373	PRJNA480287	processed	
SRR7585374	PRJNA480287	processed	
SRR7585376	PRJNA480287	processed	
SRR7585377	PRJNA480287	processed	
SRR7585378	PRJNA480287	processed	
SRR7585380	PRJNA480287	processed	
SRR7585381	PRJNA480287	processed	
SRR7585382	PRJNA480287	processed	
SRR7585383	PRJNA480287	processed	
SRR7585384	PRJNA480287	processed	
SRR7585385	PRJNA480287	processed	
SRR7621282	PRJNA480287	processed	
SRR7621283	PRJNA480287	processed	
SRR7621284	PRJNA480287	processed	
SRR7621285	PRJNA480287	download_incomplete	
SRR7621286	PRJNA480287	processed	
SRR7621287	PRJNA480287	processed	
SRR7621288	PRJNA480287	processed	
SRR7621289	PRJNA480287	processed	
SRR7621290	PRJNA480287	processed	
SRR7621291	PRJNA480287	processed	
SRR7621292	PRJNA480287	processed	
SRR7621293	PRJNA480287	processed	
SRR7621294	PRJNA480287	processed	
SRR7621295	PRJNA480287	processed	
SRR7621296	PRJNA480287	processed	
SRR7621297	PRJNA480287	processed	
SRR7621298	PRJNA480287	processed	
SRR7621299	PRJNA480287	processed	
SRR7621300	PRJNA480287	processed	
SRR7621301	PRJNA480287	processed	
SRR7621302	PRJNA480287	processed	
SRR7621303	PRJNA480287	processed	
SRR7621304	PRJNA480287	processed	
SRR7621305	PRJNA480287	processed	
SRR7621306	PRJNA480287	processed	
SRR7621307	PRJNA480287	processed	
SRR7621308	PRJNA480287	processed	
SRR7621309	PRJNA480287	processed	
SRR7621310	PRJNA480287	processed	
SRR7621311	PRJNA480287	processed	
SRR7621312	PRJNA480287	processed	
SRR7788224	PRJNA488042	excluded_quality	
SRR7788225	PRJNA488042	excluded_quality	
SRR7788226	PRJNA488042	excluded_quality	
SRR7788227	PRJNA488042	excluded_quality	
SRR7788228	PRJNA488042	excluded_quality	
SRR7788229	PRJNA488042	excluded_quality	
SRR7788230	PRJNA488042	excluded_quality	
SRR7788231	PRJNA488042	excluded_quality	
SRR7788232	PRJNA488042	excluded_quality	
SRR7788233	PRJNA488042	excluded_quality	
SRR7788234	PRJNA488042	excluded_quality	
SRR7788235	PRJNA488042	excluded_quality	
SRR7788236	PRJNA488042	excluded_quality	
SRR7788237	PRJNA488042	excluded_quality	
SRR7788238	PRJNA488042	excluded_quality	
SRR7788239	PRJNA488042	excluded_quality	
SRR7788240	PRJNA488042	excluded_quality	
SRR7788241	PRJNA488042	excluded_quality	
SRR7788242	PRJNA488042	excluded_quality	
SRR7788243	PRJNA488042	excluded_quality	
SRR8294720	PRJNA509121	processed	older_baseline
SRR8294721	PRJNA509121	processed	young_baseline
SRR8294722	PRJNA509121	processed	young_5h_post_eccentric
SRR8294723	PRJNA509121	processed	young_5h_post_concentric
SRR8294724	PRJNA509121	processed	older_baseline
SRR8294725	PRJNA509121	processed	older_5h_post_eccentric
SRR8294726	PRJNA509121	processed	older_5h_post_concentric
SRR8294727	PRJNA509121	processed	older_baseline
SRR8294728	PRJNA509121	processed	older_5h_post_eccentric
SRR8294729	PRJNA509121	processed	older_5h_post_concentric
SRR8294730	PRJNA509121	processed	young_baseline
SRR8294731	PRJNA509121	processed	young_baseline
SRR8294732	PRJNA509121	processed	older_5h_post_eccentric
SRR8294733	PRJNA509121	processed	young_5h_post_eccentric
SRR8294734	PRJNA509121	processed	young_baseline
SRR8294735	PRJNA509121	processed	young_baseline
SRR8294736	PRJNA509121	processed	young_5h_post_concentric
SRR8294737	PRJNA509121	processed	young_baseline
SRR8294738	PRJNA509121	processed	young_5h_post_eccentric
SRR8294739	PRJNA509121	processed	young_5h_post_concentric
SRR8294740	PRJNA509121	processed	young_5h_post_eccentric
SRR8294741	PRJNA509121	processed	young_5h_post_concentric
SRR8294742	PRJNA509121	processed	young_5h_post_eccentric
SRR8294743	PRJNA509121	processed	young_baseline
SRR8294744	PRJNA509121	processed	older_5h_post_concentric
SRR8294745	PRJNA509121	processed	older_5h_post_eccentric
SRR8294746	PRJNA509121	processed	older_baseline
SRR8294747	PRJNA509121	processed	young_5h_post_concentric
SRR8294748	PRJNA509121	processed	young_5h_post_eccentric
SRR8294749	PRJNA509121	processed	older_5h_post_eccentric
SRR8294750	PRJNA509121	processed	older_baseline
SRR8294751	PRJNA509121	processed	older_5h_post_concentric
SRR8294752	PRJNA509121	processed	older_5h_post_concentric
SRR8294753	PRJNA509121	processed	older_baseline
SRR8294754	PRJNA509121	processed	young_5h_post_concentric
SRR8294755	PRJNA509121	processed	older_5h_post_concentric
SRR8294756	PRJNA509121	processed	older_5h_post_eccentric
SRR8294757	PRJNA509121	processed	older_5h_post_concentric
SRR8294758	PRJNA509121	processed	older_baseline
SRR8775751	PRJNA528522	processed	hepatic_endoderm
SRR8775752	PRJNA528522	processed	hepatic_endoderm
SRR8775753	PRJNA528522	processed	organoid_expansion_medium
SRR8775754	PRJNA528522	processed	organoid_differentiation_medium
SRR8775755	PRJNA528522	processed	pluripotent_stem_cell
SRR8775756	PRJNA528522	processed	pluripotent_stem_cell
SRR8775757	PRJNA528522	processed	organoid_hepatic_medium
SRR8775758	PRJNA528522	processed	mature_hepatocytes
SRR8775759	PRJNA528522	processed	pluripotent_stem_cell
SRR8775760	PRJNA528522	processed	mature_hepatocytes
SRR8775761	PRJNA528522	processed	mature_hepatocytes
SRR8775762	PRJNA528522	processed	pluripotent_stem_cell
SRR8775763	PRJNA528522	processed	organoid_differentiation_medium
SRR8775764	PRJNA528522	processed	mature_hepatocytes
SRR8775765	PRJNA528522	processed	mature_hepatocytes
SRR8775766	PRJNA528522	processed	organoid_differentiation_medium
SRR9325677	PRJNA528522	processed	hepatic_endoderm
SRR9325678	PRJNA528522	processed	hepatic_endoderm
SRR9325679	PRJNA528522	processed	hepatic_endoderm
SRR9282983	PRJNA544334	processed	bone_marrow_lmp
SRR9282984	PRJNA544334	processed	bone_marrow_lmp
SRR9282985	PRJNA544334	processed	bone_marrow_emp
SRR9282986	PRJNA544334	processed	bone_marrow_emp
SRR9282987	PRJNA544334	processed	bone_marrow_hsc1
SRR9282988	PRJNA544334	processed	bone_marrow_hsc1
SRR9282989	PRJNA544334	processed	bone_marrow_mpp
SRR9282990	PRJNA544334	processed	bone_marrow_mpp
SRR9282991	PRJNA544334	processed	bone_marrow_hsc2
SRR9282992	PRJNA544334	processed	bone_marrow_hsc2
SRR9282993	PRJNA544334	processed	bone_marrow_cd38low_hsc
SRR9282994	PRJNA544334	processed	bone_marrow_cd34p_hspc
SRR9282995	PRJNA544334	processed	bone_marrow_cd133p_hsc
SRR9282996	PRJNA544334	processed	bone_marrow_cd90p_hsc
SRR9282997	PRJNA544334	processed	leukapheresis_lmpp
SRR9282998	PRJNA544334	processed	leukapheresis_emp
SRR9282999	PRJNA544334	processed	bone_marrow_hsc3
SRR9283000	PRJNA544334	processed	bone_marrow_hsc3
SRR9283001	PRJNA544334	processed	bone_marrow_hsc4
SRR9283002	PRJNA544334	processed	bone_marrow_cd90p_hsc
SRR9283003	PRJNA544334	processed	bone_marrow_hsc4
SRR9283004	PRJNA544334	processed	bone_marrow_cd34p_hspc
SRR9283005	PRJNA544334	processed	leukapheresis_cd90pos_hsc
SRR9283006	PRJNA544334	processed	leukapheresis_cd90neg_mpp
SRR9283007	PRJNA544334	processed	leukapheresis_emp
SRR9283008	PRJNA544334	processed	leukapheresis_lmpp
SRR9283009	PRJNA544334	processed	leukapheresis_cd90neg_mpp
SRR9283010	PRJNA544334	processed	leukapheresis_cd90pos_hsc
SRR11263449	PRJNA610985	processed	siartd1_knockdown_doxycycline
SRR11263450	PRJNA610985	processed	siartd1_knockdown_doxycycline
SRR11263451	PRJNA610985	processed	siartd1_knockdown_doxycycline
SRR11263452	PRJNA610985	processed	simock_doxycycline
SRR11263453	PRJNA610985	processed	simock_doxycycline
SRR11263454	PRJNA610985	processed	simock_doxycycline
SRR11263455	PRJNA610985	processed	simock_untreated
SRR11263456	PRJNA610985	processed	simock_untreated
SRR11263457	PRJNA610985	processed	simock_untreated
SRR11291078	PRJNA610985	processed	
SRR11291079	PRJNA610985	processed	
SRR11291080	PRJNA610985	processed	
SRR11291081	PRJNA610985	processed	
SRR11291082	PRJNA610985	processed	
SRR11291083	PRJNA610985	processed	
SRR11291084	PRJNA610985	processed	
SRR11291085	PRJNA610985	processed	
SRR11291086	PRJNA610985	processed	
SRR11291087	PRJNA610985	processed	
SRR11291088	PRJNA610985	processed	
SRR11291089	PRJNA610985	processed	
SRR11291090	PRJNA610985	processed	
SRR11291091	PRJNA610985	processed	
SRR11291092	PRJNA610985	processed	
SRR11291093	PRJNA610985	processed	
SRR11291094	PRJNA610985	processed	
SRR11291095	PRJNA610985	processed	
SRR11291096	PRJNA610985	processed	
SRR11291097	PRJNA610985	processed	
SRR11291098	PRJNA610985	processed	
SRR11291099	PRJNA610985	processed	
SRR11291100	PRJNA610985	processed	
SRR11291101	PRJNA610985	processed	
SRR11291102	PRJNA610985	processed	
SRR11291103	PRJNA610985	processed	
SRR11291104	PRJNA610985	processed	
SRR11291105	PRJNA610985	processed	
SRR11523093	PRJNA623750	processed	hct116_treated
SRR11523094	PRJNA623750	processed	hct116_untreated
SRR11523095	PRJNA623750	processed	hct116_untreated
SRR11523096	PRJNA623750	processed	hct116_untreated
SRR11523097	PRJNA623750	processed	a549_treated
SRR11523098	PRJNA623750	processed	a549_treated
SRR11523099	PRJNA623750	processed	a549_treated
SRR11523100	PRJNA623750	processed	a549_untreated
SRR11523101	PRJNA623750	processed	hct116_treated
SRR11523102	PRJNA623750	processed	hct116_treated
SRR11523103	PRJNA623750	processed	a549_untreated
SRR11523104	PRJNA623750	processed	a549_untreated
SRR11563708	PRJNA625628	processed	lcl
SRR11563709	PRJNA625628	processed	lcl
SRR11563710	PRJNA625628	processed	lcl
SRR11563711	PRJNA625628	processed	fb
SRR11563712	PRJNA625628	processed	lcl
SRR11563713	PRJNA625628	processed	lcl
SRR11563714	PRJNA625628	processed	fb
SRR11563715	PRJNA625628	processed	lcl
SRR11563716	PRJNA625628	processed	lcl
SRR11563717	PRJNA625628	processed	fb
SRR11563718	PRJNA625628	processed	lcl
SRR11847329	PRJNA634200	processed	desmoplastic_tumor
SRR11847330	PRJNA634200	processed	desmoplastic_normal
SRR11847331	PRJNA634200	processed	desmoplastic_tumor
SRR11847332	PRJNA634200	processed	desmoplastic_normal
SRR11847333	PRJNA634200	processed	desmoplastic_tumor
SRR11847334	PRJNA634200	processed	desmoplastic_normal
SRR11847335	PRJNA634200	processed	replacement_tumor
SRR11847336	PRJNA634200	processed	replacement_normal
SRR11847337	PRJNA634200	processed	desmoplastic_tumor
SRR11847338	PRJNA634200	processed	desmoplastic_normal
SRR11847339	PRJNA634200	processed	replacement_tumor
SRR11847340	PRJNA634200	processed	replacement_normal
SRR11847341	PRJNA634200	processed	desmoplastic_tumor
SRR11847342	PRJNA634200	processed	desmoplastic_normal
SRR11847343	PRJNA634200	processed	desmoplastic_tumor
SRR11847344	PRJNA634200	processed	desmoplastic_normal
SRR11847345	PRJNA634200	processed	replacement_tumor
SRR11847346	PRJNA634200	processed	replacement_normal
SRR11847347	PRJNA634200	processed	replacement_tumor
SRR11847348	PRJNA634200	processed	replacement_normal
SRR11847349	PRJNA634200	processed	desmoplastic_tumor
SRR11847350	PRJNA634200	processed	desmoplastic_normal
SRR11847351	PRJNA634200	processed	desmoplastic_tumor
SRR11847352	PRJNA634200	processed	desmoplastic_normal
SRR11847353	PRJNA634200	processed	replacement_tumor
SRR11847354	PRJNA634200	processed	replacement_normal
SRR11847355	PRJNA634200	processed	desmoplastic_tumor
SRR11847356	PRJNA634200	processed	desmoplastic_normal
SRR11847357	PRJNA634200	processed	replacement_tumor
SRR11847358	PRJNA634200	processed	replacement_normal
SRR12033502	PRJNA639922	processed	
SRR12051875	PRJNA639922	processed	
SRR12051876	PRJNA639922	processed	
SRR12051877	PRJNA639922	processed	
SRR12051878	PRJNA639922	processed	
SRR12051879	PRJNA639922	processed	
SRR12051880	PRJNA639922	processed	
SRR12051881	PRJNA639922	processed	
SRR12051882	PRJNA639922	processed	
SRR12051883	PRJNA639922	processed	
SRR12051884	PRJNA639922	processed	
SRR12051885	PRJNA639922	processed	
SRR12051886	PRJNA639922	processed	
SRR12051887	PRJNA639922	processed	
SRR12051888	PRJNA639922	processed	
SRR12676590	PRJNA664293	processed	
SRR12676591	PRJNA664293	processed	
SRR12676592	PRJNA664293	processed	
SRR12676593	PRJNA664293	processed	
SRR12676594	PRJNA664293	processed	egfp_cag78
SRR12676595	PRJNA664293	processed	egfp_cag78
SRR12676596	PRJNA664293	processed	egfp_cag27
SRR12676597	PRJNA664293	processed	egfp_cag27
SRR12676598	PRJNA664293	processed	
SRR12676599	PRJNA664293	processed	
SRR12676600	PRJNA664293	processed	untransfected
SRR12676601	PRJNA664293	processed	untransfected
SRR13787136	PRJNA664293	processed	
SRR13787137	PRJNA664293	processed	
SRR13787138	PRJNA664293	processed	untransfected_db213
SRR13787139	PRJNA664293	processed	untransfected_db213
SRR13787140	PRJNA664293	processed	
SRR13787141	PRJNA664293	processed	
SRR13787142	PRJNA664293	processed	
SRR13787143	PRJNA664293	processed	
SRR13787144	PRJNA664293	processed	egfp_cag78_db213
SRR13787145	PRJNA664293	processed	egfp_cag78_db213
SRR13787146	PRJNA664293	processed	egfp_cag27_db213
SRR13787147	PRJNA664293	processed	egfp_cag27_db213
SRR12951086	PRJNA673295	processed	ame_tio2
SRR12951087	PRJNA673295	processed	tio2
SRR12951088	PRJNA673295	processed	tio2
SRR12951089	PRJNA673295	processed	tio2
SRR12951090	PRJNA673295	processed	ame
SRR12951091	PRJNA673295	processed	ame
SRR12951092	PRJNA673295	processed	ame
SRR12951093	PRJNA673295	processed	control
SRR12951094	PRJNA673295	processed	ame_tio2
SRR12951095	PRJNA673295	processed	ame_tio2
SRR12951096	PRJNA673295	processed	control
SRR12951097	PRJNA673295	processed	control
SRR12964250	PRJNA673745	processed	zno2_egcg
SRR12964251	PRJNA673745	processed	zno2_egcg
SRR12964252	PRJNA673745	processed	control
SRR12964253	PRJNA673745	processed	control
SRR12964254	PRJNA673745	processed	zno2_egcg
SRR12964255	PRJNA673745	processed	egcg
SRR12964256	PRJNA673745	processed	egcg
SRR12964257	PRJNA673745	processed	egcg
SRR12964258	PRJNA673745	processed	zno2
SRR12964259	PRJNA673745	processed	zno2
SRR12964260	PRJNA673745	processed	zno2
SRR12964261	PRJNA673745	processed	control
SRR29234212	PRJNA734133	processed	
SRR29234213	PRJNA734133	processed	
SRR29234304	PRJNA734133	processed	caki1_kaiso_ko
SRR29234305	PRJNA734133	processed	caki1_kaiso_ko
SRR29234306	PRJNA734133	processed	caki1_kaiso_ko
SRR29234307	PRJNA734133	processed	caki1_kaiso_ko
SRR29234308	PRJNA734133	processed	caki1_wt
SRR29234309	PRJNA734133	processed	caki1_wt
SRR29234310	PRJNA734133	processed	caki1_wt
SRR29555951	PRJNA734133	processed	
SRR29555952	PRJNA734133	processed	
SRR29555953	PRJNA734133	processed	
SRR29555954	PRJNA734133	processed	
SRR29555955	PRJNA734133	processed	
SRR29555956	PRJNA734133	excluded_quality	
SRR29555957	PRJNA734133	processed	
SRR29555958	PRJNA734133	processed	
SRR15372456	PRJNA752868	processed	cd4_mature_naive
SRR15372457	PRJNA752868	processed	naive_treg
SRR15372458	PRJNA752868	processed	cd4_mature_naive
SRR15372459	PRJNA752868	processed	cd4_mature_naive
SRR15372460	PRJNA752868	processed	naive_treg
SRR15372461	PRJNA752868	processed	cd4_mature_naive
SRR15372462	PRJNA752868	processed	naive_treg
SRR15372463	PRJNA752868	processed	cd4_mature_naive
SRR15372464	PRJNA752868	processed	naive_treg
SRR15372465	PRJNA752868	processed	cd4_mature_naive
SRR15372466	PRJNA752868	processed	naive_treg
SRR15372467	PRJNA752868	processed	naive_treg
SRR15372468	PRJNA752868	processed	cd4_mature_naive
SRR15372469	PRJNA752868	processed	naive_treg
SRR15372470	PRJNA752868	processed	cd4_mature_naive
SRR15372471	PRJNA752868	processed	naive_treg
SRR15372472	PRJNA752868	processed	cd4_mature_naive
SRR15372473	PRJNA752868	processed	naive_treg
SRR15372474	PRJNA752868	processed	naive_treg
SRR15372475	PRJNA752868	processed	cd4_mature_naive
SRR16216963	PRJNA767228	processed	mcf102a
SRR16216964	PRJNA767228	processed	skbr3
SRR16216965	PRJNA767228	processed	skbr3
SRR16216966	PRJNA767228	processed	skbr3
SRR16216967	PRJNA767228	processed	mcf7
SRR16216968	PRJNA767228	processed	mcf7
SRR16216969	PRJNA767228	processed	mcf7
SRR16216970	PRJNA767228	processed	mdamb361
SRR16216971	PRJNA767228	processed	mdamb361
SRR16216972	PRJNA767228	processed	mdamb361
SRR16216973	PRJNA767228	processed	mdamb231
SRR16216974	PRJNA767228	processed	mcf102a
SRR16216975	PRJNA767228	processed	mcf102a
SRR16216976	PRJNA767228	processed	mdamb231
SRR16216977	PRJNA767228	processed	mdamb231
SRR17165223	PRJNA786266	processed	eec
SRR17165224	PRJNA786266	processed	eec
SRR17165225	PRJNA786266	processed	aeh
SRR17165226	PRJNA786266	processed	aeh
SRR17165227	PRJNA786266	excluded_quality	normal_endometrium
SRR17165228	PRJNA786266	processed	aeh
SRR17165229	PRJNA786266	processed	eec
SRR17165230	PRJNA786266	processed	normal_endometrium
SRR17165231	PRJNA786266	processed	normal_endometrium
SRR19842866	PRJNA786266	excluded_quality	eec
SRR19842867	PRJNA786266	processed	aeh
SRR19842868	PRJNA786266	processed	aeh
SRR19842869	PRJNA786266	processed	eec
SRR19842870	PRJNA786266	processed	normal_endometrium
SRR19842871	PRJNA786266	processed	normal_endometrium
SRR17238208	PRJNA788948	processed	ipsc_derived_macrophage_11copy
SRR17238209	PRJNA788948	processed	ipsc_clone_0copy
SRR17238210	PRJNA788948	processed	ipsc_clone_0copy
SRR17238211	PRJNA788948	processed	ipsc_clone_4copy
SRR17238212	PRJNA788948	processed	ipsc_clone_3copy
SRR17238213	PRJNA788948	processed	ipsc_clone_11copy
SRR17238214	PRJNA788948	processed	ipsc_clone_10copy
SRR17238215	PRJNA788948	processed	ipsc_clone_10copy
SRR17238216	PRJNA788948	processed	cd34_patient_gt39m
SRR17238217	PRJNA788948	processed	nk_cells
SRR17238218	PRJNA788948	processed	cd19_b_cells
SRR17238219	PRJNA788948	processed	pmn_cells
SRR17238220	PRJNA788948	processed	cd14_monocytes
SRR17238221	PRJNA788948	processed	cd3_t_cells
SRR17238222	PRJNA788948	processed	cd34_normal_donor
SRR17238223	PRJNA788948	processed	ipsc_derived_macrophage_0copy
SRR17238224	PRJNA788948	processed	ipsc_derived_macrophage_11copy
SRR17238225	PRJNA788948	processed	ipsc_clone_11copy
SRR17238226	PRJNA788948	processed	ipsc_clone_11copy
SRR19240022	PRJNA838478	processed	unlabeled_amniotic_fluid
SRR19240023	PRJNA838478	processed	unlabeled_amniotic_fluid
SRR19240024	PRJNA838478	processed	unlabeled_amniotic_fluid
SRR19240025	PRJNA838478	processed	unlabeled_amniotic_fluid
SRR19240026	PRJNA838478	processed	hydronephrosis_patient_cell
SRR19240027	PRJNA838478	processed	unlabeled_amniotic_fluid
SRR19240028	PRJNA838478	processed	unlabeled_amniotic_fluid
SRR19240029	PRJNA838478	processed	hydronephrosis_patient_supernatant
SRR19240030	PRJNA838478	processed	control_cell
SRR19240031	PRJNA838478	processed	unlabeled_amniotic_fluid
SRR19240032	PRJNA838478	processed	unlabeled_amniotic_fluid
SRR19240033	PRJNA838478	processed	hydronephrosis_patient_supernatant
SRR21413770	PRJNA876028	processed	kasumi1_fto_overexpression
SRR21413771	PRJNA876028	processed	kasumi1_control
SRR21413772	PRJNA876028	processed	kasumi1_control
SRR21413773	PRJNA876028	processed	kasumi1_control
SRR21413774	PRJNA876028	processed	
SRR21413775	PRJNA876028	processed	
SRR21413776	PRJNA876028	processed	
SRR21413777	PRJNA876028	processed	
SRR21413778	PRJNA876028	processed	kasumi1_fto_overexpression
SRR21413779	PRJNA876028	processed	kasumi1_fto_overexpression
SRR21413780	PRJNA876028	processed	
SRR21413781	PRJNA876028	processed	
SRR21747911	PRJNA884190	excluded_quality	
SRR21747912	PRJNA884190	excluded_quality	
SRR21747913	PRJNA884190	excluded_quality	
SRR21747914	PRJNA884190	excluded_quality	
SRR21747915	PRJNA884190	excluded_quality	
SRR21747916	PRJNA884190	excluded_quality	
SRR21747917	PRJNA884190	excluded_quality	
SRR21747918	PRJNA884190	excluded_quality	
SRR21747919	PRJNA884190	excluded_quality	
SRR21747920	PRJNA884190	excluded_quality	
SRR21747921	PRJNA884190	excluded_quality	
SRR21747922	PRJNA884190	excluded_quality	
SRR21747923	PRJNA884190	excluded_quality	
SRR22542103	PRJNA903521	processed	ipf_fibrosis_clone_ali
SRR22542104	PRJNA903521	processed	ipf_normal_clone_ali
SRR22542105	PRJNA903521	processed	ipf_normal_clone_ali
SRR22542106	PRJNA903521	processed	ipf_fibrosis_clone_sc
SRR22542107	PRJNA903521	processed	ipf_fibrosis_clone_sc
SRR22542108	PRJNA903521	processed	ipf_normal_clone_sc
SRR22542109	PRJNA903521	processed	ipf_normal_clone_sc
SRR22542110	PRJNA903521	processed	
SRR22542111	PRJNA903521	processed	scrna_ipf_lung_stem_pool
SRR22542112	PRJNA903521	processed	scrna_ipf_lung_stem_pool
SRR22542113	PRJNA903521	processed	ipf_fibrosis_clone_ali
SRR22542114	PRJNA903521	processed	
SRR22542115	PRJNA903521	processed	
SRR22542200	PRJNA903521	processed	scrna_control_lung_stem_pool
SRR25734166	PRJNA976462	processed	pt1
SRR25734175	PRJNA976462	processed	pt1
SRR25734298	PRJNA976462	processed	pt2
SRR25734300	PRJNA976462	processed	pt2
SRR25734301	PRJNA976462	download_incomplete	
SRR25734302	PRJNA976462	processed	pt3
SRR25734444	PRJNA976462	processed	pt4
SRR25734445	PRJNA976462	processed	pt7
SRR25734447	PRJNA976462	processed	pt7
SRR25734699	PRJNA976462	processed	pt5
SRR25735493	PRJNA976462	processed	pt5
SRR25735563	PRJNA976462	processed	pt9
SRR25735570	PRJNA976462	processed	pt9
SRR25735599	PRJNA976462	processed	pt13
SRR25735645	PRJNA976462	processed	pt13
SRR25735650	PRJNA976462	processed	pt15
SRR25735651	PRJNA976462	processed	pt15
SRR25846700	PRJNA976462	processed	pt7
SRR25846701	PRJNA976462	processed	pt5
SRR25846702	PRJNA976462	processed	pt5
SRR25846703	PRJNA976462	processed	pt4
SRR25846704	PRJNA976462	processed	pt3
SRR25846705	PRJNA976462	download_incomplete	
SRR25846706	PRJNA976462	processed	pt2
SRR25846707	PRJNA976462	processed	pt15
SRR25846708	PRJNA976462	processed	pt2
SRR25846709	PRJNA976462	processed	pt15
SRR25846710	PRJNA976462	processed	pt13
SRR25846711	PRJNA976462	processed	pt13
SRR25846712	PRJNA976462	processed	pt9
SRR25846713	PRJNA976462	processed	pt9
SRR25846714	PRJNA976462	processed	pt7
SRR25846715	PRJNA976462	processed	pt1
SRR25846716	PRJNA976462	processed	pt1
SRR25045835	PRJNA987832	processed	293ft_rsl3_r
SRR25045836	PRJNA987832	processed	293ft_rsl3_r
SRR25045837	PRJNA987832	processed	293ft
SRR25045838	PRJNA987832	processed	293ft
SRR25045839	PRJNA987832	processed	u2os_erastin_r
SRR25045840	PRJNA987832	processed	u2os_erastin_r
SRR25045841	PRJNA987832	processed	u2os_rsl3_r
SRR25045842	PRJNA987832	processed	u2os_rsl3_r
SRR25045843	PRJNA987832	processed	293ft_erastin_r
SRR25045844	PRJNA987832	processed	293ft_erastin_r
SRR25045845	PRJNA987832	processed	u2os
SRR25045846	PRJNA987832	processed	u2os
SRR25361679	PRJNA996357	processed	csf_16
SRR25361680	PRJNA996357	processed	csf_14
SRR25361681	PRJNA996357	processed	csf_12
SRR25361682	PRJNA996357	processed	csf_11
SRR25361683	PRJNA996357	processed	csf_09
SRR25361684	PRJNA996357	processed	csf_08
SRR25361685	PRJNA996357	processed	csf_07
SRR25361686	PRJNA996357	processed	csf_03
SRR25361687	PRJNA996357	processed	csf_17
SRR25361688	PRJNA996357	processed	csf_02
SRR25361689	PRJNA996357	processed	csf_01
